model,triplet_accuracy_phase1,pair_pass_rate_multiblimp,mean_pair_distinction_multiblimp
LaBSE,0.0,0.0,0.0024765276908874116
MiniLM-multi,0.07692307692307693,0.0,0.00550828337669368
E5-multi,0.07692307692307693,0.0,0.0008735072612762089
E5-large,0.07692307692307693,0.0,0.0005498600006103248
bge-m3,0.15384615384615385,0.0,0.0023554575443267343
